solver,nprocs,topology,nx_global,ny_global,nx_local,ny_local,iteration,halo_walltime_seconds
manual_halo,16,16x1,32770,8194,2050,8194,1,0.000402004
manual_halo,16,16x1,32770,8194,2050,8194,2,0.000403570
manual_halo,16,16x1,32770,8194,2050,8194,3,0.000404210
manual_halo,16,16x1,32770,8194,2050,8194,4,0.000377043
manual_halo,16,16x1,32770,8194,2050,8194,5,0.000388501
manual_halo,16,16x1,32770,8194,2050,8194,6,0.000424561
manual_halo,16,16x1,32770,8194,2050,8194,7,0.000387699
manual_halo,16,16x1,32770,8194,2050,8194,8,0.000410482
manual_halo,16,16x1,32770,8194,2050,8194,9,0.000391348
manual_halo,16,16x1,32770,8194,2050,8194,10,0.000383828
manual_halo,16,16x1,32770,8194,2050,8194,11,0.000392052
manual_halo,16,16x1,32770,8194,2050,8194,12,0.000399027
manual_halo,16,16x1,32770,8194,2050,8194,13,0.000376851
manual_halo,16,16x1,32770,8194,2050,8194,14,0.000390868
manual_halo,16,16x1,32770,8194,2050,8194,15,0.000404403
manual_halo,16,16x1,32770,8194,2050,8194,16,0.000427473
manual_halo,16,16x1,32770,8194,2050,8194,17,0.000373332
manual_halo,16,16x1,32770,8194,2050,8194,18,0.000397235
manual_halo,16,16x1,32770,8194,2050,8194,19,0.000388660
manual_halo,16,16x1,32770,8194,2050,8194,20,0.000392051
manual_halo,16,16x1,32770,8194,2050,8194,21,0.000388020
manual_halo,16,16x1,32770,8194,2050,8194,22,0.000395956
manual_halo,16,16x1,32770,8194,2050,8194,23,0.000379252
manual_halo,16,16x1,32770,8194,2050,8194,24,0.000382931
manual_halo,16,16x1,32770,8194,2050,8194,25,0.000380723
manual_halo,16,16x1,32770,8194,2050,8194,26,0.000388820
manual_halo,16,16x1,32770,8194,2050,8194,27,0.000396083
manual_halo,16,16x1,32770,8194,2050,8194,28,0.000384084
manual_halo,16,16x1,32770,8194,2050,8194,29,0.000390739
manual_halo,16,16x1,32770,8194,2050,8194,30,0.000396883
manual_halo,16,16x1,32770,8194,2050,8194,31,0.000400818
manual_halo,16,16x1,32770,8194,2050,8194,32,0.000381237
manual_halo,16,16x1,32770,8194,2050,8194,33,0.000383828
manual_halo,16,16x1,32770,8194,2050,8194,34,0.000401683
manual_halo,16,16x1,32770,8194,2050,8194,35,0.000394388
manual_halo,16,16x1,32770,8194,2050,8194,36,0.000385172
manual_halo,16,16x1,32770,8194,2050,8194,37,0.000383923
manual_halo,16,16x1,32770,8194,2050,8194,38,0.000388883
manual_halo,16,16x1,32770,8194,2050,8194,39,0.000386612
manual_halo,16,16x1,32770,8194,2050,8194,40,0.000398836
manual_halo,16,16x1,32770,8194,2050,8194,41,0.000434387
manual_halo,16,16x1,32770,8194,2050,8194,42,0.000372725
manual_halo,16,16x1,32770,8194,2050,8194,43,0.000376756
manual_halo,16,16x1,32770,8194,2050,8194,44,0.000395923
manual_halo,16,16x1,32770,8194,2050,8194,45,0.000383763
manual_halo,16,16x1,32770,8194,2050,8194,46,0.000388724
manual_halo,16,16x1,32770,8194,2050,8194,47,0.000398611
manual_halo,16,16x1,32770,8194,2050,8194,48,0.000380436
manual_halo,16,16x1,32770,8194,2050,8194,49,0.000367829
manual_halo,16,16x1,32770,8194,2050,8194,50,0.000389427
manual_halo,16,16x1,32770,8194,2050,8194,51,0.000382484
manual_halo,16,16x1,32770,8194,2050,8194,52,0.000386069
manual_halo,16,16x1,32770,8194,2050,8194,53,0.000402675
manual_halo,16,16x1,32770,8194,2050,8194,54,0.000388021
manual_halo,16,16x1,32770,8194,2050,8194,55,0.000376084
manual_halo,16,16x1,32770,8194,2050,8194,56,0.000394388
manual_halo,16,16x1,32770,8194,2050,8194,57,0.000382932
manual_halo,16,16x1,32770,8194,2050,8194,58,0.000380949
manual_halo,16,16x1,32770,8194,2050,8194,59,0.000428371
manual_halo,16,16x1,32770,8194,2050,8194,60,0.000383187
manual_halo,16,16x1,32770,8194,2050,8194,61,0.000378325
manual_halo,16,16x1,32770,8194,2050,8194,62,0.000387861
manual_halo,16,16x1,32770,8194,2050,8194,63,0.000379668
manual_halo,16,16x1,32770,8194,2050,8194,64,0.000376405
manual_halo,16,16x1,32770,8194,2050,8194,65,0.000378644
manual_halo,16,16x1,32770,8194,2050,8194,66,0.000371701
manual_halo,16,16x1,32770,8194,2050,8194,67,0.000376276
manual_halo,16,16x1,32770,8194,2050,8194,68,0.000389780
manual_halo,16,16x1,32770,8194,2050,8194,69,0.000382995
manual_halo,16,16x1,32770,8194,2050,8194,70,0.000386451
manual_halo,16,16x1,32770,8194,2050,8194,71,0.000379348
manual_halo,16,16x1,32770,8194,2050,8194,72,0.000388243
manual_halo,16,16x1,32770,8194,2050,8194,73,0.000377076
manual_halo,16,16x1,32770,8194,2050,8194,74,0.000365781
manual_halo,16,16x1,32770,8194,2050,8194,75,0.000377525
manual_halo,16,16x1,32770,8194,2050,8194,76,0.000398483
manual_halo,16,16x1,32770,8194,2050,8194,77,0.000377364
manual_halo,16,16x1,32770,8194,2050,8194,78,0.000385523
manual_halo,16,16x1,32770,8194,2050,8194,79,0.000387347
manual_halo,16,16x1,32770,8194,2050,8194,80,0.000373589
manual_halo,16,16x1,32770,8194,2050,8194,81,0.000384051
manual_halo,16,16x1,32770,8194,2050,8194,82,0.000381204
manual_halo,16,16x1,32770,8194,2050,8194,83,0.000374323
manual_halo,16,16x1,32770,8194,2050,8194,84,0.000393171
manual_halo,16,16x1,32770,8194,2050,8194,85,0.000386324
manual_halo,16,16x1,32770,8194,2050,8194,86,0.000383444
manual_halo,16,16x1,32770,8194,2050,8194,87,0.000366868
manual_halo,16,16x1,32770,8194,2050,8194,88,0.000381491
manual_halo,16,16x1,32770,8194,2050,8194,89,0.000395283
manual_halo,16,16x1,32770,8194,2050,8194,90,0.000378740
manual_halo,16,16x1,32770,8194,2050,8194,91,0.000381172
manual_halo,16,16x1,32770,8194,2050,8194,92,0.000381940
manual_halo,16,16x1,32770,8194,2050,8194,93,0.000363829
manual_halo,16,16x1,32770,8194,2050,8194,94,0.000384180
manual_halo,16,16x1,32770,8194,2050,8194,95,0.000388819
manual_halo,16,16x1,32770,8194,2050,8194,96,0.000380661
manual_halo,16,16x1,32770,8194,2050,8194,97,0.000384532
manual_halo,16,16x1,32770,8194,2050,8194,98,0.000387444
manual_halo,16,16x1,32770,8194,2050,8194,99,0.000374996
manual_halo,16,16x1,32770,8194,2050,8194,100,0.000386228
manual_halo,16,16x1,32770,8194,2050,8194,101,0.000396947
manual_halo,16,16x1,32770,8194,2050,8194,102,0.000382420
manual_halo,16,16x1,32770,8194,2050,8194,103,0.000377172
manual_halo,16,16x1,32770,8194,2050,8194,104,0.000387860
manual_halo,16,16x1,32770,8194,2050,8194,105,0.000376819
manual_halo,16,16x1,32770,8194,2050,8194,106,0.000369235
manual_halo,16,16x1,32770,8194,2050,8194,107,0.000387763
manual_halo,16,16x1,32770,8194,2050,8194,108,0.000381780
manual_halo,16,16x1,32770,8194,2050,8194,109,0.000384243
manual_halo,16,16x1,32770,8194,2050,8194,110,0.000377140
manual_halo,16,16x1,32770,8194,2050,8194,111,0.000382293
manual_halo,16,16x1,32770,8194,2050,8194,112,0.000368724
manual_halo,16,16x1,32770,8194,2050,8194,113,0.000384948
manual_halo,16,16x1,32770,8194,2050,8194,114,0.000391988
manual_halo,16,16x1,32770,8194,2050,8194,115,0.000375827
manual_halo,16,16x1,32770,8194,2050,8194,116,0.000374069
manual_halo,16,16x1,32770,8194,2050,8194,117,0.000379315
manual_halo,16,16x1,32770,8194,2050,8194,118,0.000387060
manual_halo,16,16x1,32770,8194,2050,8194,119,0.000373939
manual_halo,16,16x1,32770,8194,2050,8194,120,0.000378709
manual_halo,16,16x1,32770,8194,2050,8194,121,0.000382163
manual_halo,16,16x1,32770,8194,2050,8194,122,0.000397843
manual_halo,16,16x1,32770,8194,2050,8194,123,0.000376467
manual_halo,16,16x1,32770,8194,2050,8194,124,0.000382772
manual_halo,16,16x1,32770,8194,2050,8194,125,0.000367125
manual_halo,16,16x1,32770,8194,2050,8194,126,0.000382643
manual_halo,16,16x1,32770,8194,2050,8194,127,0.000375573
manual_halo,16,16x1,32770,8194,2050,8194,128,0.000382260
manual_halo,16,16x1,32770,8194,2050,8194,129,0.000377588
manual_halo,16,16x1,32770,8194,2050,8194,130,0.000386613
manual_halo,16,16x1,32770,8194,2050,8194,131,0.000374196
manual_halo,16,16x1,32770,8194,2050,8194,132,0.000373045
manual_halo,16,16x1,32770,8194,2050,8194,133,0.000370164
manual_halo,16,16x1,32770,8194,2050,8194,134,0.000390195
manual_halo,16,16x1,32770,8194,2050,8194,135,0.000379059
manual_halo,16,16x1,32770,8194,2050,8194,136,0.000376820
manual_halo,16,16x1,32770,8194,2050,8194,137,0.000375060
manual_halo,16,16x1,32770,8194,2050,8194,138,0.000368373
manual_halo,16,16x1,32770,8194,2050,8194,139,0.000387604
manual_halo,16,16x1,32770,8194,2050,8194,140,0.000377429
manual_halo,16,16x1,32770,8194,2050,8194,141,0.000408402
manual_halo,16,16x1,32770,8194,2050,8194,142,0.000394611
manual_halo,16,16x1,32770,8194,2050,8194,143,0.000379989
manual_halo,16,16x1,32770,8194,2050,8194,144,0.000370645
manual_halo,16,16x1,32770,8194,2050,8194,145,0.000376916
manual_halo,16,16x1,32770,8194,2050,8194,146,0.000376244
manual_halo,16,16x1,32770,8194,2050,8194,147,0.000380916
manual_halo,16,16x1,32770,8194,2050,8194,148,0.000389235
manual_halo,16,16x1,32770,8194,2050,8194,149,0.000376723
manual_halo,16,16x1,32770,8194,2050,8194,150,0.000377428
manual_halo,16,16x1,32770,8194,2050,8194,151,0.000382516
manual_halo,16,16x1,32770,8194,2050,8194,152,0.000381075
manual_halo,16,16x1,32770,8194,2050,8194,153,0.000385748
manual_halo,16,16x1,32770,8194,2050,8194,154,0.000385877
manual_halo,16,16x1,32770,8194,2050,8194,155,0.000381011
manual_halo,16,16x1,32770,8194,2050,8194,156,0.000375859
manual_halo,16,16x1,32770,8194,2050,8194,157,0.000367637
manual_halo,16,16x1,32770,8194,2050,8194,158,0.000381652
manual_halo,16,16x1,32770,8194,2050,8194,159,0.000387860
manual_halo,16,16x1,32770,8194,2050,8194,160,0.000395668
manual_halo,16,16x1,32770,8194,2050,8194,161,0.000391028
manual_halo,16,16x1,32770,8194,2050,8194,162,0.000378388
manual_halo,16,16x1,32770,8194,2050,8194,163,0.000376501
manual_halo,16,16x1,32770,8194,2050,8194,164,0.000375925
manual_halo,16,16x1,32770,8194,2050,8194,165,0.000394709
manual_halo,16,16x1,32770,8194,2050,8194,166,0.000375316
manual_halo,16,16x1,32770,8194,2050,8194,167,0.000384565
manual_halo,16,16x1,32770,8194,2050,8194,168,0.000377781
manual_halo,16,16x1,32770,8194,2050,8194,169,0.000377620
manual_halo,16,16x1,32770,8194,2050,8194,170,0.000384373
manual_halo,16,16x1,32770,8194,2050,8194,171,0.000384980
manual_halo,16,16x1,32770,8194,2050,8194,172,0.000371029
manual_halo,16,16x1,32770,8194,2050,8194,173,0.000377716
manual_halo,16,16x1,32770,8194,2050,8194,174,0.000378547
manual_halo,16,16x1,32770,8194,2050,8194,175,0.000386069
manual_halo,16,16x1,32770,8194,2050,8194,176,0.000370900
manual_halo,16,16x1,32770,8194,2050,8194,177,0.000386099
manual_halo,16,16x1,32770,8194,2050,8194,178,0.000374516
manual_halo,16,16x1,32770,8194,2050,8194,179,0.000377205
manual_halo,16,16x1,32770,8194,2050,8194,180,0.000387285
manual_halo,16,16x1,32770,8194,2050,8194,181,0.000377077
manual_halo,16,16x1,32770,8194,2050,8194,182,0.000378515
manual_halo,16,16x1,32770,8194,2050,8194,183,0.000390004
manual_halo,16,16x1,32770,8194,2050,8194,184,0.000382419
manual_halo,16,16x1,32770,8194,2050,8194,185,0.000370868
manual_halo,16,16x1,32770,8194,2050,8194,186,0.000375316
manual_halo,16,16x1,32770,8194,2050,8194,187,0.000380915
manual_halo,16,16x1,32770,8194,2050,8194,188,0.000379252
manual_halo,16,16x1,32770,8194,2050,8194,189,0.000364916
manual_halo,16,16x1,32770,8194,2050,8194,190,0.000392852
manual_halo,16,16x1,32770,8194,2050,8194,191,0.000371284
manual_halo,16,16x1,32770,8194,2050,8194,192,0.000377268
manual_halo,16,16x1,32770,8194,2050,8194,193,0.000388755
manual_halo,16,16x1,32770,8194,2050,8194,194,0.000375379
manual_halo,16,16x1,32770,8194,2050,8194,195,0.000376436
manual_halo,16,16x1,32770,8194,2050,8194,196,0.000382516
manual_halo,16,16x1,32770,8194,2050,8194,197,0.000384435
manual_halo,16,16x1,32770,8194,2050,8194,198,0.000385203
manual_halo,16,16x1,32770,8194,2050,8194,199,0.000381235
manual_halo,16,16x1,32770,8194,2050,8194,200,0.000388787
manual_halo,16,8x2,32770,8194,4098,4098,1,0.000572110
manual_halo,16,8x2,32770,8194,4098,4098,2,0.000596046
manual_halo,16,8x2,32770,8194,4098,4098,3,0.000575183
manual_halo,16,8x2,32770,8194,4098,4098,4,0.000550416
manual_halo,16,8x2,32770,8194,4098,4098,5,0.000578990
manual_halo,16,8x2,32770,8194,4098,4098,6,0.000558031
manual_halo,16,8x2,32770,8194,4098,4098,7,0.000546704
manual_halo,16,8x2,32770,8194,4098,4098,8,0.000559727
manual_halo,16,8x2,32770,8194,4098,4098,9,0.000557327
manual_halo,16,8x2,32770,8194,4098,4098,10,0.000550128
manual_halo,16,8x2,32770,8194,4098,4098,11,0.000563023
manual_halo,16,8x2,32770,8194,4098,4098,12,0.000586318
manual_halo,16,8x2,32770,8194,4098,4098,13,0.000563183
manual_halo,16,8x2,32770,8194,4098,4098,14,0.000557520
manual_halo,16,8x2,32770,8194,4098,4098,15,0.000569551
manual_halo,16,8x2,32770,8194,4098,4098,16,0.000555727
manual_halo,16,8x2,32770,8194,4098,4098,17,0.000542511
manual_halo,16,8x2,32770,8194,4098,4098,18,0.000549583
manual_halo,16,8x2,32770,8194,4098,4098,19,0.000550512
manual_halo,16,8x2,32770,8194,4098,4098,20,0.000565103
manual_halo,16,8x2,32770,8194,4098,4098,21,0.000568783
manual_halo,16,8x2,32770,8194,4098,4098,22,0.000571310
manual_halo,16,8x2,32770,8194,4098,4098,23,0.000532719
manual_halo,16,8x2,32770,8194,4098,4098,24,0.000556719
manual_halo,16,8x2,32770,8194,4098,4098,25,0.000560046
manual_halo,16,8x2,32770,8194,4098,4098,26,0.000563855
manual_halo,16,8x2,32770,8194,4098,4098,27,0.000545103
manual_halo,16,8x2,32770,8194,4098,4098,28,0.000557263
manual_halo,16,8x2,32770,8194,4098,4098,29,0.000565199
manual_halo,16,8x2,32770,8194,4098,4098,30,0.000555117
manual_halo,16,8x2,32770,8194,4098,4098,31,0.000547183
manual_halo,16,8x2,32770,8194,4098,4098,32,0.000545488
manual_halo,16,8x2,32770,8194,4098,4098,33,0.000564911
manual_halo,16,8x2,32770,8194,4098,4098,34,0.000560143
manual_halo,16,8x2,32770,8194,4098,4098,35,0.000544431
manual_halo,16,8x2,32770,8194,4098,4098,36,0.000538351
manual_halo,16,8x2,32770,8194,4098,4098,37,0.000545104
manual_halo,16,8x2,32770,8194,4098,4098,38,0.000548623
manual_halo,16,8x2,32770,8194,4098,4098,39,0.000559503
manual_halo,16,8x2,32770,8194,4098,4098,40,0.000593486
manual_halo,16,8x2,32770,8194,4098,4098,41,0.000550320
manual_halo,16,8x2,32770,8194,4098,4098,42,0.000548496
manual_halo,16,8x2,32770,8194,4098,4098,43,0.000550448
manual_halo,16,8x2,32770,8194,4098,4098,44,0.000547600
manual_halo,16,8x2,32770,8194,4098,4098,45,0.000553104
manual_halo,16,8x2,32770,8194,4098,4098,46,0.000553071
manual_halo,16,8x2,32770,8194,4098,4098,47,0.000556335
manual_halo,16,8x2,32770,8194,4098,4098,48,0.000545295
manual_halo,16,8x2,32770,8194,4098,4098,49,0.000526000
manual_halo,16,8x2,32770,8194,4098,4098,50,0.000546480
manual_halo,16,8x2,32770,8194,4098,4098,51,0.000567791
manual_halo,16,8x2,32770,8194,4098,4098,52,0.000543151
manual_halo,16,8x2,32770,8194,4098,4098,53,0.000557167
manual_halo,16,8x2,32770,8194,4098,4098,54,0.000542735
manual_halo,16,8x2,32770,8194,4098,4098,55,0.000546287
manual_halo,16,8x2,32770,8194,4098,4098,56,0.000548655
manual_halo,16,8x2,32770,8194,4098,4098,57,0.000546575
manual_halo,16,8x2,32770,8194,4098,4098,58,0.000561871
manual_halo,16,8x2,32770,8194,4098,4098,59,0.000544239
manual_halo,16,8x2,32770,8194,4098,4098,60,0.000541679
manual_halo,16,8x2,32770,8194,4098,4098,61,0.000534512
manual_halo,16,8x2,32770,8194,4098,4098,62,0.000556815
manual_halo,16,8x2,32770,8194,4098,4098,63,0.000544752
manual_halo,16,8x2,32770,8194,4098,4098,64,0.000533264
manual_halo,16,8x2,32770,8194,4098,4098,65,0.000557295
manual_halo,16,8x2,32770,8194,4098,4098,66,0.000539760
manual_halo,16,8x2,32770,8194,4098,4098,67,0.000532400
manual_halo,16,8x2,32770,8194,4098,4098,68,0.000543696
manual_halo,16,8x2,32770,8194,4098,4098,69,0.000536144
manual_halo,16,8x2,32770,8194,4098,4098,70,0.000541935
manual_halo,16,8x2,32770,8194,4098,4098,71,0.000548623
manual_halo,16,8x2,32770,8194,4098,4098,72,0.000551695
manual_halo,16,8x2,32770,8194,4098,4098,73,0.000536016
manual_halo,16,8x2,32770,8194,4098,4098,74,0.000535567
manual_halo,16,8x2,32770,8194,4098,4098,75,0.000538576
manual_halo,16,8x2,32770,8194,4098,4098,76,0.000539631
manual_halo,16,8x2,32770,8194,4098,4098,77,0.000538159
manual_halo,16,8x2,32770,8194,4098,4098,78,0.000539632
manual_halo,16,8x2,32770,8194,4098,4098,79,0.000552527
manual_halo,16,8x2,32770,8194,4098,4098,80,0.000535920
manual_halo,16,8x2,32770,8194,4098,4098,81,0.000533488
manual_halo,16,8x2,32770,8194,4098,4098,82,0.000547151
manual_halo,16,8x2,32770,8194,4098,4098,83,0.000545328
manual_halo,16,8x2,32770,8194,4098,4098,84,0.000544912
manual_halo,16,8x2,32770,8194,4098,4098,85,0.000538288
manual_halo,16,8x2,32770,8194,4098,4098,86,0.000544111
manual_halo,16,8x2,32770,8194,4098,4098,87,0.000550159
manual_halo,16,8x2,32770,8194,4098,4098,88,0.000544783
manual_halo,16,8x2,32770,8194,4098,4098,89,0.000549296
manual_halo,16,8x2,32770,8194,4098,4098,90,0.000544751
manual_halo,16,8x2,32770,8194,4098,4098,91,0.000550959
manual_halo,16,8x2,32770,8194,4098,4098,92,0.000550575
manual_halo,16,8x2,32770,8194,4098,4098,93,0.000521616
manual_halo,16,8x2,32770,8194,4098,4098,94,0.000539024
manual_halo,16,8x2,32770,8194,4098,4098,95,0.000539887
manual_halo,16,8x2,32770,8194,4098,4098,96,0.000539536
manual_halo,16,8x2,32770,8194,4098,4098,97,0.000552943
manual_halo,16,8x2,32770,8194,4098,4098,98,0.000546160
manual_halo,16,8x2,32770,8194,4098,4098,99,0.000548943
manual_halo,16,8x2,32770,8194,4098,4098,100,0.000552239
manual_halo,16,8x2,32770,8194,4098,4098,101,0.000540560
manual_halo,16,8x2,32770,8194,4098,4098,102,0.000539920
manual_halo,16,8x2,32770,8194,4098,4098,103,0.000539568
manual_halo,16,8x2,32770,8194,4098,4098,104,0.000548047
manual_halo,16,8x2,32770,8194,4098,4098,105,0.000555151
manual_halo,16,8x2,32770,8194,4098,4098,106,0.000539824
manual_halo,16,8x2,32770,8194,4098,4098,107,0.000542256
manual_halo,16,8x2,32770,8194,4098,4098,108,0.000549199
manual_halo,16,8x2,32770,8194,4098,4098,109,0.000549648
manual_halo,16,8x2,32770,8194,4098,4098,110,0.000551024
manual_halo,16,8x2,32770,8194,4098,4098,111,0.000548815
manual_halo,16,8x2,32770,8194,4098,4098,112,0.000537776
manual_halo,16,8x2,32770,8194,4098,4098,113,0.000557423
manual_halo,16,8x2,32770,8194,4098,4098,114,0.000553903
manual_halo,16,8x2,32770,8194,4098,4098,115,0.000545679
manual_halo,16,8x2,32770,8194,4098,4098,116,0.000546031
manual_halo,16,8x2,32770,8194,4098,4098,117,0.000554799
manual_halo,16,8x2,32770,8194,4098,4098,118,0.000541839
manual_halo,16,8x2,32770,8194,4098,4098,119,0.000543312
manual_halo,16,8x2,32770,8194,4098,4098,120,0.000584527
manual_halo,16,8x2,32770,8194,4098,4098,121,0.000556848
manual_halo,16,8x2,32770,8194,4098,4098,122,0.000544719
manual_halo,16,8x2,32770,8194,4098,4098,123,0.000544208
manual_halo,16,8x2,32770,8194,4098,4098,124,0.000546928
manual_halo,16,8x2,32770,8194,4098,4098,125,0.000526064
manual_halo,16,8x2,32770,8194,4098,4098,126,0.000564047
manual_halo,16,8x2,32770,8194,4098,4098,127,0.000563695
manual_halo,16,8x2,32770,8194,4098,4098,128,0.000536272
manual_halo,16,8x2,32770,8194,4098,4098,129,0.000541936
manual_halo,16,8x2,32770,8194,4098,4098,130,0.000567407
manual_halo,16,8x2,32770,8194,4098,4098,131,0.000538576
manual_halo,16,8x2,32770,8194,4098,4098,132,0.000541967
manual_halo,16,8x2,32770,8194,4098,4098,133,0.000541168
manual_halo,16,8x2,32770,8194,4098,4098,134,0.000540239
manual_halo,16,8x2,32770,8194,4098,4098,135,0.000530416
manual_halo,16,8x2,32770,8194,4098,4098,136,0.000546704
manual_halo,16,8x2,32770,8194,4098,4098,137,0.000550512
manual_halo,16,8x2,32770,8194,4098,4098,138,0.000533743
manual_halo,16,8x2,32770,8194,4098,4098,139,0.000538928
manual_halo,16,8x2,32770,8194,4098,4098,140,0.000539024
manual_halo,16,8x2,32770,8194,4098,4098,141,0.000550256
manual_halo,16,8x2,32770,8194,4098,4098,142,0.000558671
manual_halo,16,8x2,32770,8194,4098,4098,143,0.000548495
manual_halo,16,8x2,32770,8194,4098,4098,144,0.000530192
manual_halo,16,8x2,32770,8194,4098,4098,145,0.000536880
manual_halo,16,8x2,32770,8194,4098,4098,146,0.000541999
manual_halo,16,8x2,32770,8194,4098,4098,147,0.000531728
manual_halo,16,8x2,32770,8194,4098,4098,148,0.000539215
manual_halo,16,8x2,32770,8194,4098,4098,149,0.000547024
manual_halo,16,8x2,32770,8194,4098,4098,150,0.000538318
manual_halo,16,8x2,32770,8194,4098,4098,151,0.000556399
manual_halo,16,8x2,32770,8194,4098,4098,152,0.000542895
manual_halo,16,8x2,32770,8194,4098,4098,153,0.000539344
manual_halo,16,8x2,32770,8194,4098,4098,154,0.000540816
manual_halo,16,8x2,32770,8194,4098,4098,155,0.000544144
manual_halo,16,8x2,32770,8194,4098,4098,156,0.000571503
manual_halo,16,8x2,32770,8194,4098,4098,157,0.000518992
manual_halo,16,8x2,32770,8194,4098,4098,158,0.000539952
manual_halo,16,8x2,32770,8194,4098,4098,159,0.000558350
manual_halo,16,8x2,32770,8194,4098,4098,160,0.000549903
manual_halo,16,8x2,32770,8194,4098,4098,161,0.000540624
manual_halo,16,8x2,32770,8194,4098,4098,162,0.000552783
manual_halo,16,8x2,32770,8194,4098,4098,163,0.000521296
manual_halo,16,8x2,32770,8194,4098,4098,164,0.000537584
manual_halo,16,8x2,32770,8194,4098,4098,165,0.000551663
manual_halo,16,8x2,32770,8194,4098,4098,166,0.000536688
manual_halo,16,8x2,32770,8194,4098,4098,167,0.000538992
manual_halo,16,8x2,32770,8194,4098,4098,168,0.000540816
manual_halo,16,8x2,32770,8194,4098,4098,169,0.000545328
manual_halo,16,8x2,32770,8194,4098,4098,170,0.000543280
manual_halo,16,8x2,32770,8194,4098,4098,171,0.000541775
manual_halo,16,8x2,32770,8194,4098,4098,172,0.000532816
manual_halo,16,8x2,32770,8194,4098,4098,173,0.000544207
manual_halo,16,8x2,32770,8194,4098,4098,174,0.000562767
manual_halo,16,8x2,32770,8194,4098,4098,175,0.000534959
manual_halo,16,8x2,32770,8194,4098,4098,176,0.000520208
manual_halo,16,8x2,32770,8194,4098,4098,177,0.000539152
manual_halo,16,8x2,32770,8194,4098,4098,178,0.000530960
manual_halo,16,8x2,32770,8194,4098,4098,179,0.000538159
manual_halo,16,8x2,32770,8194,4098,4098,180,0.000546959
manual_halo,16,8x2,32770,8194,4098,4098,181,0.000544688
manual_halo,16,8x2,32770,8194,4098,4098,182,0.000522320
manual_halo,16,8x2,32770,8194,4098,4098,183,0.000528144
manual_halo,16,8x2,32770,8194,4098,4098,184,0.000541487
manual_halo,16,8x2,32770,8194,4098,4098,185,0.000533456
manual_halo,16,8x2,32770,8194,4098,4098,186,0.000544368
manual_halo,16,8x2,32770,8194,4098,4098,187,0.000529104
manual_halo,16,8x2,32770,8194,4098,4098,188,0.000559599
manual_halo,16,8x2,32770,8194,4098,4098,189,0.000534383
manual_halo,16,8x2,32770,8194,4098,4098,190,0.000530448
manual_halo,16,8x2,32770,8194,4098,4098,191,0.000548207
manual_halo,16,8x2,32770,8194,4098,4098,192,0.000557423
manual_halo,16,8x2,32770,8194,4098,4098,193,0.000553679
manual_halo,16,8x2,32770,8194,4098,4098,194,0.000528752
manual_halo,16,8x2,32770,8194,4098,4098,195,0.000523857
manual_halo,16,8x2,32770,8194,4098,4098,196,0.000540655
manual_halo,16,8x2,32770,8194,4098,4098,197,0.000527728
manual_halo,16,8x2,32770,8194,4098,4098,198,0.000537424
manual_halo,16,8x2,32770,8194,4098,4098,199,0.000547535
manual_halo,16,8x2,32770,8194,4098,4098,200,0.000550479
manual_halo,16,4x4,32770,8194,8194,2050,1,0.000576591
manual_halo,16,4x4,32770,8194,8194,2050,2,0.000583823
manual_halo,16,4x4,32770,8194,8194,2050,3,0.000575087
manual_halo,16,4x4,32770,8194,8194,2050,4,0.000568560
manual_halo,16,4x4,32770,8194,8194,2050,5,0.000572558
manual_halo,16,4x4,32770,8194,8194,2050,6,0.000564239
manual_halo,16,4x4,32770,8194,8194,2050,7,0.000555664
manual_halo,16,4x4,32770,8194,8194,2050,8,0.000552239
manual_halo,16,4x4,32770,8194,8194,2050,9,0.000569487
manual_halo,16,4x4,32770,8194,8194,2050,10,0.000546127
manual_halo,16,4x4,32770,8194,8194,2050,11,0.000558127
manual_halo,16,4x4,32770,8194,8194,2050,12,0.000562031
manual_halo,16,4x4,32770,8194,8194,2050,13,0.000572303
manual_halo,16,4x4,32770,8194,8194,2050,14,0.000556144
manual_halo,16,4x4,32770,8194,8194,2050,15,0.000574159
manual_halo,16,4x4,32770,8194,8194,2050,16,0.000564847
manual_halo,16,4x4,32770,8194,8194,2050,17,0.000579183
manual_halo,16,4x4,32770,8194,8194,2050,18,0.000574030
manual_halo,16,4x4,32770,8194,8194,2050,19,0.000570031
manual_halo,16,4x4,32770,8194,8194,2050,20,0.000556879
manual_halo,16,4x4,32770,8194,8194,2050,21,0.000543056
manual_halo,16,4x4,32770,8194,8194,2050,22,0.000555887
manual_halo,16,4x4,32770,8194,8194,2050,23,0.000536368
manual_halo,16,4x4,32770,8194,8194,2050,24,0.000563951
manual_halo,16,4x4,32770,8194,8194,2050,25,0.000548879
manual_halo,16,4x4,32770,8194,8194,2050,26,0.000557839
manual_halo,16,4x4,32770,8194,8194,2050,27,0.000549039
manual_halo,16,4x4,32770,8194,8194,2050,28,0.000554415
manual_halo,16,4x4,32770,8194,8194,2050,29,0.000555503
manual_halo,16,4x4,32770,8194,8194,2050,30,0.000573775
manual_halo,16,4x4,32770,8194,8194,2050,31,0.000542704
manual_halo,16,4x4,32770,8194,8194,2050,32,0.000544880
manual_halo,16,4x4,32770,8194,8194,2050,33,0.000549551
manual_halo,16,4x4,32770,8194,8194,2050,34,0.000558447
manual_halo,16,4x4,32770,8194,8194,2050,35,0.000555439
manual_halo,16,4x4,32770,8194,8194,2050,36,0.000539184
manual_halo,16,4x4,32770,8194,8194,2050,37,0.000573742
manual_halo,16,4x4,32770,8194,8194,2050,38,0.000548943
manual_halo,16,4x4,32770,8194,8194,2050,39,0.000544527
manual_halo,16,4x4,32770,8194,8194,2050,40,0.000539407
manual_halo,16,4x4,32770,8194,8194,2050,41,0.000537456
manual_halo,16,4x4,32770,8194,8194,2050,42,0.000533808
manual_halo,16,4x4,32770,8194,8194,2050,43,0.000551215
manual_halo,16,4x4,32770,8194,8194,2050,44,0.000591278
manual_halo,16,4x4,32770,8194,8194,2050,45,0.000559631
manual_halo,16,4x4,32770,8194,8194,2050,46,0.000570927
manual_halo,16,4x4,32770,8194,8194,2050,47,0.000562063
manual_halo,16,4x4,32770,8194,8194,2050,48,0.000549296
manual_halo,16,4x4,32770,8194,8194,2050,49,0.000536335
manual_halo,16,4x4,32770,8194,8194,2050,50,0.000549167
manual_halo,16,4x4,32770,8194,8194,2050,51,0.000551631
manual_halo,16,4x4,32770,8194,8194,2050,52,1.520593636
manual_halo,16,4x4,32770,8194,8194,2050,53,0.000548816
manual_halo,16,4x4,32770,8194,8194,2050,54,0.000557743
manual_halo,16,4x4,32770,8194,8194,2050,55,0.000541488
manual_halo,16,4x4,32770,8194,8194,2050,56,0.000554319
manual_halo,16,4x4,32770,8194,8194,2050,57,0.000558863
manual_halo,16,4x4,32770,8194,8194,2050,58,0.000559824
manual_halo,16,4x4,32770,8194,8194,2050,59,0.000545743
manual_halo,16,4x4,32770,8194,8194,2050,60,0.000588718
manual_halo,16,4x4,32770,8194,8194,2050,61,0.000547951
manual_halo,16,4x4,32770,8194,8194,2050,62,0.000554287
manual_halo,16,4x4,32770,8194,8194,2050,63,0.000547024
manual_halo,16,4x4,32770,8194,8194,2050,64,0.000543600
manual_halo,16,4x4,32770,8194,8194,2050,65,0.000556240
manual_halo,16,4x4,32770,8194,8194,2050,66,0.000547504
manual_halo,16,4x4,32770,8194,8194,2050,67,0.000544368
manual_halo,16,4x4,32770,8194,8194,2050,68,0.000557999
manual_halo,16,4x4,32770,8194,8194,2050,69,0.000525840
manual_halo,16,4x4,32770,8194,8194,2050,70,0.000547759
manual_halo,16,4x4,32770,8194,8194,2050,71,0.000545807
manual_halo,16,4x4,32770,8194,8194,2050,72,0.000552111
manual_halo,16,4x4,32770,8194,8194,2050,73,0.000549071
manual_halo,16,4x4,32770,8194,8194,2050,74,0.000542256
manual_halo,16,4x4,32770,8194,8194,2050,75,0.000582702
manual_halo,16,4x4,32770,8194,8194,2050,76,0.000531440
manual_halo,16,4x4,32770,8194,8194,2050,77,0.000528208
manual_halo,16,4x4,32770,8194,8194,2050,78,0.000545488
manual_halo,16,4x4,32770,8194,8194,2050,79,0.000556271
manual_halo,16,4x4,32770,8194,8194,2050,80,0.000526256
manual_halo,16,4x4,32770,8194,8194,2050,81,0.000534224
manual_halo,16,4x4,32770,8194,8194,2050,82,0.000540911
manual_halo,16,4x4,32770,8194,8194,2050,83,0.000571630
manual_halo,16,4x4,32770,8194,8194,2050,84,0.000556624
manual_halo,16,4x4,32770,8194,8194,2050,85,0.000554447
manual_halo,16,4x4,32770,8194,8194,2050,86,0.000554959
manual_halo,16,4x4,32770,8194,8194,2050,87,0.000542640
manual_halo,16,4x4,32770,8194,8194,2050,88,0.000554288
manual_halo,16,4x4,32770,8194,8194,2050,89,0.000545647
manual_halo,16,4x4,32770,8194,8194,2050,90,0.000550672
manual_halo,16,4x4,32770,8194,8194,2050,91,0.000537264
manual_halo,16,4x4,32770,8194,8194,2050,92,0.000535632
manual_halo,16,4x4,32770,8194,8194,2050,93,0.000541999
manual_halo,16,4x4,32770,8194,8194,2050,94,0.000557583
manual_halo,16,4x4,32770,8194,8194,2050,95,0.000531985
manual_halo,16,4x4,32770,8194,8194,2050,96,0.000538672
manual_halo,16,4x4,32770,8194,8194,2050,97,0.000538256
manual_halo,16,4x4,32770,8194,8194,2050,98,0.000541967
manual_halo,16,4x4,32770,8194,8194,2050,99,0.000549520
manual_halo,16,4x4,32770,8194,8194,2050,100,0.000551983
manual_halo,16,4x4,32770,8194,8194,2050,101,0.000544847
manual_halo,16,4x4,32770,8194,8194,2050,102,0.000547727
manual_halo,16,4x4,32770,8194,8194,2050,103,0.000553295
manual_halo,16,4x4,32770,8194,8194,2050,104,0.000575374
manual_halo,16,4x4,32770,8194,8194,2050,105,0.000539632
manual_halo,16,4x4,32770,8194,8194,2050,106,0.000534736
manual_halo,16,4x4,32770,8194,8194,2050,107,0.000538672
manual_halo,16,4x4,32770,8194,8194,2050,108,0.000542800
manual_halo,16,4x4,32770,8194,8194,2050,109,0.000531760
manual_halo,16,4x4,32770,8194,8194,2050,110,0.001192508
manual_halo,16,4x4,32770,8194,8194,2050,111,0.000542607
manual_halo,16,4x4,32770,8194,8194,2050,112,0.000543504
manual_halo,16,4x4,32770,8194,8194,2050,113,0.000545520
manual_halo,16,4x4,32770,8194,8194,2050,114,0.000547728
manual_halo,16,4x4,32770,8194,8194,2050,115,0.001227419
manual_halo,16,4x4,32770,8194,8194,2050,116,0.000536080
manual_halo,16,4x4,32770,8194,8194,2050,117,0.000532593
manual_halo,16,4x4,32770,8194,8194,2050,118,0.000541552
manual_halo,16,4x4,32770,8194,8194,2050,119,0.000528752
manual_halo,16,4x4,32770,8194,8194,2050,120,0.000564367
manual_halo,16,4x4,32770,8194,8194,2050,121,0.000530160
manual_halo,16,4x4,32770,8194,8194,2050,122,0.000530096
manual_halo,16,4x4,32770,8194,8194,2050,123,0.000533007
manual_halo,16,4x4,32770,8194,8194,2050,124,0.000545680
manual_halo,16,4x4,32770,8194,8194,2050,125,0.000537712
manual_halo,16,4x4,32770,8194,8194,2050,126,0.000535120
manual_halo,16,4x4,32770,8194,8194,2050,127,0.000557935
manual_halo,16,4x4,32770,8194,8194,2050,128,0.000533488
manual_halo,16,4x4,32770,8194,8194,2050,129,0.000523600
manual_halo,16,4x4,32770,8194,8194,2050,130,0.001180029
manual_halo,16,4x4,32770,8194,8194,2050,131,0.000541680
manual_halo,16,4x4,32770,8194,8194,2050,132,0.000545776
manual_halo,16,4x4,32770,8194,8194,2050,133,0.000532145
manual_halo,16,4x4,32770,8194,8194,2050,134,0.000536815
manual_halo,16,4x4,32770,8194,8194,2050,135,0.000535248
manual_halo,16,4x4,32770,8194,8194,2050,136,0.000536208
manual_halo,16,4x4,32770,8194,8194,2050,137,0.000533072
manual_halo,16,4x4,32770,8194,8194,2050,138,0.000539632
manual_halo,16,4x4,32770,8194,8194,2050,139,0.000520272
manual_halo,16,4x4,32770,8194,8194,2050,140,0.000530896
manual_halo,16,4x4,32770,8194,8194,2050,141,0.000535600
manual_halo,16,4x4,32770,8194,8194,2050,142,0.001171742
manual_halo,16,4x4,32770,8194,8194,2050,143,0.000543919
manual_halo,16,4x4,32770,8194,8194,2050,144,0.000526641
manual_halo,16,4x4,32770,8194,8194,2050,145,0.000529489
manual_halo,16,4x4,32770,8194,8194,2050,146,0.000534897
manual_halo,16,4x4,32770,8194,8194,2050,147,0.000549360
manual_halo,16,4x4,32770,8194,8194,2050,148,0.000532368
manual_halo,16,4x4,32770,8194,8194,2050,149,0.000551472
manual_halo,16,4x4,32770,8194,8194,2050,150,0.000538768
manual_halo,16,4x4,32770,8194,8194,2050,151,0.000537808
manual_halo,16,4x4,32770,8194,8194,2050,152,0.000565455
manual_halo,16,4x4,32770,8194,8194,2050,153,0.000536016
manual_halo,16,4x4,32770,8194,8194,2050,154,0.000543600
manual_halo,16,4x4,32770,8194,8194,2050,155,0.000532848
manual_halo,16,4x4,32770,8194,8194,2050,156,0.000542000
manual_halo,16,4x4,32770,8194,8194,2050,157,0.000553936
manual_halo,16,4x4,32770,8194,8194,2050,158,0.000521360
manual_halo,16,4x4,32770,8194,8194,2050,159,0.000540623
manual_halo,16,4x4,32770,8194,8194,2050,160,0.000527408
manual_halo,16,4x4,32770,8194,8194,2050,161,0.000546576
manual_halo,16,4x4,32770,8194,8194,2050,162,0.000538032
manual_halo,16,4x4,32770,8194,8194,2050,163,0.000531664
manual_halo,16,4x4,32770,8194,8194,2050,164,0.000541775
manual_halo,16,4x4,32770,8194,8194,2050,165,0.000888931
manual_halo,16,4x4,32770,8194,8194,2050,166,0.000549296
manual_halo,16,4x4,32770,8194,8194,2050,167,0.000539471
manual_halo,16,4x4,32770,8194,8194,2050,168,0.000562287
manual_halo,16,4x4,32770,8194,8194,2050,169,0.000535952
manual_halo,16,4x4,32770,8194,8194,2050,170,0.000572430
manual_halo,16,4x4,32770,8194,8194,2050,171,0.000543982
manual_halo,16,4x4,32770,8194,8194,2050,172,0.000560719
manual_halo,16,4x4,32770,8194,8194,2050,173,0.000562223
manual_halo,16,4x4,32770,8194,8194,2050,174,0.000537968
manual_halo,16,4x4,32770,8194,8194,2050,175,0.000544303
manual_halo,16,4x4,32770,8194,8194,2050,176,0.000540816
manual_halo,16,4x4,32770,8194,8194,2050,177,0.000541936
manual_halo,16,4x4,32770,8194,8194,2050,178,0.001205724
manual_halo,16,4x4,32770,8194,8194,2050,179,0.000560655
manual_halo,16,4x4,32770,8194,8194,2050,180,0.000535312
manual_halo,16,4x4,32770,8194,8194,2050,181,0.000554863
manual_halo,16,4x4,32770,8194,8194,2050,182,0.000540591
manual_halo,16,4x4,32770,8194,8194,2050,183,0.000540655
manual_halo,16,4x4,32770,8194,8194,2050,184,0.000568527
manual_halo,16,4x4,32770,8194,8194,2050,185,0.000531728
manual_halo,16,4x4,32770,8194,8194,2050,186,0.000542671
manual_halo,16,4x4,32770,8194,8194,2050,187,0.000544976
manual_halo,16,4x4,32770,8194,8194,2050,188,0.000548400
manual_halo,16,4x4,32770,8194,8194,2050,189,0.000540495
manual_halo,16,4x4,32770,8194,8194,2050,190,0.000559695
manual_halo,16,4x4,32770,8194,8194,2050,191,0.000556719
manual_halo,16,4x4,32770,8194,8194,2050,192,0.000534350
manual_halo,16,4x4,32770,8194,8194,2050,193,0.000543280
manual_halo,16,4x4,32770,8194,8194,2050,194,0.000541391
manual_halo,16,4x4,32770,8194,8194,2050,195,0.000536656
manual_halo,16,4x4,32770,8194,8194,2050,196,0.000528400
manual_halo,16,4x4,32770,8194,8194,2050,197,0.001197245
manual_halo,16,4x4,32770,8194,8194,2050,198,0.000541840
manual_halo,16,4x4,32770,8194,8194,2050,199,0.000539472
manual_halo,16,4x4,32770,8194,8194,2050,200,0.000552591
manual_halo,16,2x8,32770,8194,16386,1026,1,0.000526672
manual_halo,16,2x8,32770,8194,16386,1026,2,0.000508015
manual_halo,16,2x8,32770,8194,16386,1026,3,0.000508336
manual_halo,16,2x8,32770,8194,16386,1026,4,0.000507760
manual_halo,16,2x8,32770,8194,16386,1026,5,0.000488370
manual_halo,16,2x8,32770,8194,16386,1026,6,0.000511825
manual_halo,16,2x8,32770,8194,16386,1026,7,0.000519439
manual_halo,16,2x8,32770,8194,16386,1026,8,0.000531374
manual_halo,16,2x8,32770,8194,16386,1026,9,0.000511857
manual_halo,16,2x8,32770,8194,16386,1026,10,0.000515088
manual_halo,16,2x8,32770,8194,16386,1026,11,0.000498801
manual_halo,16,2x8,32770,8194,16386,1026,12,0.000658378
manual_halo,16,2x8,32770,8194,16386,1026,13,0.000506481
manual_halo,16,2x8,32770,8194,16386,1026,14,0.000511471
manual_halo,16,2x8,32770,8194,16386,1026,15,0.000518063
manual_halo,16,2x8,32770,8194,16386,1026,16,0.000503442
manual_halo,16,2x8,32770,8194,16386,1026,17,0.000501297
manual_halo,16,2x8,32770,8194,16386,1026,18,0.000524303
manual_halo,16,2x8,32770,8194,16386,1026,19,0.000498353
manual_halo,16,2x8,32770,8194,16386,1026,20,0.000514192
manual_halo,16,2x8,32770,8194,16386,1026,21,0.000502512
manual_halo,16,2x8,32770,8194,16386,1026,22,0.000500847
manual_halo,16,2x8,32770,8194,16386,1026,23,0.000484466
manual_halo,16,2x8,32770,8194,16386,1026,24,0.000520624
manual_halo,16,2x8,32770,8194,16386,1026,25,0.000502513
manual_halo,16,2x8,32770,8194,16386,1026,26,0.000490865
manual_halo,16,2x8,32770,8194,16386,1026,27,0.000541552
manual_halo,16,2x8,32770,8194,16386,1026,28,0.000522545
manual_halo,16,2x8,32770,8194,16386,1026,29,0.000509359
manual_halo,16,2x8,32770,8194,16386,1026,30,0.000512752
manual_halo,16,2x8,32770,8194,16386,1026,31,0.000515921
manual_halo,16,2x8,32770,8194,16386,1026,32,0.000498257
manual_halo,16,2x8,32770,8194,16386,1026,33,0.000517969
manual_halo,16,2x8,32770,8194,16386,1026,34,0.000499056
manual_halo,16,2x8,32770,8194,16386,1026,35,0.000476752
manual_halo,16,2x8,32770,8194,16386,1026,36,0.000504305
manual_halo,16,2x8,32770,8194,16386,1026,37,0.000512271
manual_halo,16,2x8,32770,8194,16386,1026,38,0.000495983
manual_halo,16,2x8,32770,8194,16386,1026,39,0.000503791
manual_halo,16,2x8,32770,8194,16386,1026,40,0.000520080
manual_halo,16,2x8,32770,8194,16386,1026,41,0.000511057
manual_halo,16,2x8,32770,8194,16386,1026,42,0.000501521
manual_halo,16,2x8,32770,8194,16386,1026,43,0.000506417
manual_halo,16,2x8,32770,8194,16386,1026,44,0.000506063
manual_halo,16,2x8,32770,8194,16386,1026,45,0.000490161
manual_halo,16,2x8,32770,8194,16386,1026,46,0.000535567
manual_halo,16,2x8,32770,8194,16386,1026,47,0.000521232
manual_halo,16,2x8,32770,8194,16386,1026,48,0.000486256
manual_halo,16,2x8,32770,8194,16386,1026,49,0.000479377
manual_halo,16,2x8,32770,8194,16386,1026,50,0.000516913
manual_halo,16,2x8,32770,8194,16386,1026,51,0.000510737
manual_halo,16,2x8,32770,8194,16386,1026,52,0.000535216
manual_halo,16,2x8,32770,8194,16386,1026,53,0.000495473
manual_halo,16,2x8,32770,8194,16386,1026,54,0.000479312
manual_halo,16,2x8,32770,8194,16386,1026,55,0.000510992
manual_halo,16,2x8,32770,8194,16386,1026,56,0.000514767
manual_halo,16,2x8,32770,8194,16386,1026,57,0.000485169
manual_halo,16,2x8,32770,8194,16386,1026,58,0.000489425
manual_halo,16,2x8,32770,8194,16386,1026,59,0.000498481
manual_halo,16,2x8,32770,8194,16386,1026,60,0.000506320
manual_halo,16,2x8,32770,8194,16386,1026,61,0.000498001
manual_halo,16,2x8,32770,8194,16386,1026,62,0.000503088
manual_halo,16,2x8,32770,8194,16386,1026,63,0.000504303
manual_halo,16,2x8,32770,8194,16386,1026,64,0.000492657
manual_halo,16,2x8,32770,8194,16386,1026,65,0.000486577
manual_halo,16,2x8,32770,8194,16386,1026,66,0.000481904
manual_halo,16,2x8,32770,8194,16386,1026,67,0.000497905
manual_halo,16,2x8,32770,8194,16386,1026,68,0.000506128
manual_halo,16,2x8,32770,8194,16386,1026,69,0.000514672
manual_halo,16,2x8,32770,8194,16386,1026,70,0.000501937
manual_halo,16,2x8,32770,8194,16386,1026,71,0.000511791
manual_halo,16,2x8,32770,8194,16386,1026,72,0.000481554
manual_halo,16,2x8,32770,8194,16386,1026,73,0.000488049
manual_halo,16,2x8,32770,8194,16386,1026,74,0.000483857
manual_halo,16,2x8,32770,8194,16386,1026,75,0.000498545
manual_halo,16,2x8,32770,8194,16386,1026,76,0.000490001
manual_halo,16,2x8,32770,8194,16386,1026,77,0.000475538
manual_halo,16,2x8,32770,8194,16386,1026,78,0.000502641
manual_halo,16,2x8,32770,8194,16386,1026,79,0.000498512
manual_halo,16,2x8,32770,8194,16386,1026,80,0.000482001
manual_halo,16,2x8,32770,8194,16386,1026,81,0.000499248
manual_halo,16,2x8,32770,8194,16386,1026,82,0.000506705
manual_halo,16,2x8,32770,8194,16386,1026,83,0.000497329
manual_halo,16,2x8,32770,8194,16386,1026,84,0.000494449
manual_halo,16,2x8,32770,8194,16386,1026,85,0.000490928
manual_halo,16,2x8,32770,8194,16386,1026,86,0.000512881
manual_halo,16,2x8,32770,8194,16386,1026,87,0.000480850
manual_halo,16,2x8,32770,8194,16386,1026,88,0.000481233
manual_halo,16,2x8,32770,8194,16386,1026,89,0.000483377
manual_halo,16,2x8,32770,8194,16386,1026,90,0.000502704
manual_halo,16,2x8,32770,8194,16386,1026,91,0.000487888
manual_halo,16,2x8,32770,8194,16386,1026,92,0.000542958
manual_halo,16,2x8,32770,8194,16386,1026,93,0.000475377
manual_halo,16,2x8,32770,8194,16386,1026,94,0.000514607
manual_halo,16,2x8,32770,8194,16386,1026,95,0.000488017
manual_halo,16,2x8,32770,8194,16386,1026,96,0.000482450
manual_halo,16,2x8,32770,8194,16386,1026,97,0.000490161
manual_halo,16,2x8,32770,8194,16386,1026,98,0.000484656
manual_halo,16,2x8,32770,8194,16386,1026,99,0.000490737
manual_halo,16,2x8,32770,8194,16386,1026,100,0.000494769
manual_halo,16,2x8,32770,8194,16386,1026,101,0.000502415
manual_halo,16,2x8,32770,8194,16386,1026,102,0.000496113
manual_halo,16,2x8,32770,8194,16386,1026,103,0.000484113
manual_halo,16,2x8,32770,8194,16386,1026,104,0.000473969
manual_halo,16,2x8,32770,8194,16386,1026,105,0.000481106
manual_halo,16,2x8,32770,8194,16386,1026,106,0.000499793
manual_halo,16,2x8,32770,8194,16386,1026,107,0.000497263
manual_halo,16,2x8,32770,8194,16386,1026,108,0.000493359
manual_halo,16,2x8,32770,8194,16386,1026,109,0.000483760
manual_halo,16,2x8,32770,8194,16386,1026,110,0.000518608
manual_halo,16,2x8,32770,8194,16386,1026,111,0.000481938
manual_halo,16,2x8,32770,8194,16386,1026,112,0.000482929
manual_halo,16,2x8,32770,8194,16386,1026,113,0.000494993
manual_halo,16,2x8,32770,8194,16386,1026,114,0.000477136
manual_halo,16,2x8,32770,8194,16386,1026,115,0.000486448
manual_halo,16,2x8,32770,8194,16386,1026,116,0.000503953
manual_halo,16,2x8,32770,8194,16386,1026,117,0.000495954
manual_halo,16,2x8,32770,8194,16386,1026,118,0.000501969
manual_halo,16,2x8,32770,8194,16386,1026,119,0.000476625
manual_halo,16,2x8,32770,8194,16386,1026,120,0.000488529
manual_halo,16,2x8,32770,8194,16386,1026,121,0.000477393
manual_halo,16,2x8,32770,8194,16386,1026,122,0.000483698
manual_halo,16,2x8,32770,8194,16386,1026,123,0.000481072
manual_halo,16,2x8,32770,8194,16386,1026,124,0.000486385
manual_halo,16,2x8,32770,8194,16386,1026,125,0.000510321
manual_halo,16,2x8,32770,8194,16386,1026,126,0.000496081
manual_halo,16,2x8,32770,8194,16386,1026,127,0.000501745
manual_halo,16,2x8,32770,8194,16386,1026,128,0.000491313
manual_halo,16,2x8,32770,8194,16386,1026,129,0.000489713
manual_halo,16,2x8,32770,8194,16386,1026,130,0.000508527
manual_halo,16,2x8,32770,8194,16386,1026,131,0.000481298
manual_halo,16,2x8,32770,8194,16386,1026,132,0.000648428
manual_halo,16,2x8,32770,8194,16386,1026,133,0.000495728
manual_halo,16,2x8,32770,8194,16386,1026,134,0.001615951
manual_halo,16,2x8,32770,8194,16386,1026,135,0.000488337
manual_halo,16,2x8,32770,8194,16386,1026,136,0.000487601
manual_halo,16,2x8,32770,8194,16386,1026,137,0.000477649
manual_halo,16,2x8,32770,8194,16386,1026,138,0.000488689
manual_halo,16,2x8,32770,8194,16386,1026,139,0.000505969
manual_halo,16,2x8,32770,8194,16386,1026,140,0.000501135
manual_halo,16,2x8,32770,8194,16386,1026,141,0.000510095
manual_halo,16,2x8,32770,8194,16386,1026,142,0.000480113
manual_halo,16,2x8,32770,8194,16386,1026,143,0.000478866
manual_halo,16,2x8,32770,8194,16386,1026,144,0.000496369
manual_halo,16,2x8,32770,8194,16386,1026,145,0.000487377
manual_halo,16,2x8,32770,8194,16386,1026,146,0.000475858
manual_halo,16,2x8,32770,8194,16386,1026,147,0.000500913
manual_halo,16,2x8,32770,8194,16386,1026,148,0.000485265
manual_halo,16,2x8,32770,8194,16386,1026,149,0.000500529
manual_halo,16,2x8,32770,8194,16386,1026,150,0.000499697
manual_halo,16,2x8,32770,8194,16386,1026,151,0.000509807
manual_halo,16,2x8,32770,8194,16386,1026,152,0.000488978
manual_halo,16,2x8,32770,8194,16386,1026,153,0.000483920
manual_halo,16,2x8,32770,8194,16386,1026,154,0.000473586
manual_halo,16,2x8,32770,8194,16386,1026,155,0.000484048
manual_halo,16,2x8,32770,8194,16386,1026,156,0.000497232
manual_halo,16,2x8,32770,8194,16386,1026,157,0.000464753
manual_halo,16,2x8,32770,8194,16386,1026,158,0.000491760
manual_halo,16,2x8,32770,8194,16386,1026,159,0.000491025
manual_halo,16,2x8,32770,8194,16386,1026,160,0.000504879
manual_halo,16,2x8,32770,8194,16386,1026,161,0.000473584
manual_halo,16,2x8,32770,8194,16386,1026,162,0.000496015
manual_halo,16,2x8,32770,8194,16386,1026,163,0.000483857
manual_halo,16,2x8,32770,8194,16386,1026,164,0.000490191
manual_halo,16,2x8,32770,8194,16386,1026,165,0.000505457
manual_halo,16,2x8,32770,8194,16386,1026,166,0.000492881
manual_halo,16,2x8,32770,8194,16386,1026,167,0.000478865
manual_halo,16,2x8,32770,8194,16386,1026,168,0.000482736
manual_halo,16,2x8,32770,8194,16386,1026,169,0.000474770
manual_halo,16,2x8,32770,8194,16386,1026,170,0.000491377
manual_halo,16,2x8,32770,8194,16386,1026,171,0.000489170
manual_halo,16,2x8,32770,8194,16386,1026,172,0.000483986
manual_halo,16,2x8,32770,8194,16386,1026,173,0.000491857
manual_halo,16,2x8,32770,8194,16386,1026,174,0.000489105
manual_halo,16,2x8,32770,8194,16386,1026,175,0.000480594
manual_halo,16,2x8,32770,8194,16386,1026,176,0.000476401
manual_halo,16,2x8,32770,8194,16386,1026,177,0.000497937
manual_halo,16,2x8,32770,8194,16386,1026,178,0.000483153
manual_halo,16,2x8,32770,8194,16386,1026,179,0.000481776
manual_halo,16,2x8,32770,8194,16386,1026,180,0.000508047
manual_halo,16,2x8,32770,8194,16386,1026,181,0.000487409
manual_halo,16,2x8,32770,8194,16386,1026,182,0.000493616
manual_halo,16,2x8,32770,8194,16386,1026,183,0.000498673
manual_halo,16,2x8,32770,8194,16386,1026,184,0.000474033
manual_halo,16,2x8,32770,8194,16386,1026,185,0.000492688
manual_halo,16,2x8,32770,8194,16386,1026,186,0.000499313
manual_halo,16,2x8,32770,8194,16386,1026,187,0.000503761
manual_halo,16,2x8,32770,8194,16386,1026,188,0.000500944
manual_halo,16,2x8,32770,8194,16386,1026,189,0.000487377
manual_halo,16,2x8,32770,8194,16386,1026,190,0.000485391
manual_halo,16,2x8,32770,8194,16386,1026,191,0.000494385
manual_halo,16,2x8,32770,8194,16386,1026,192,0.000489617
manual_halo,16,2x8,32770,8194,16386,1026,193,0.000484178
manual_halo,16,2x8,32770,8194,16386,1026,194,0.000493840
manual_halo,16,2x8,32770,8194,16386,1026,195,0.000471314
manual_halo,16,2x8,32770,8194,16386,1026,196,0.000487377
manual_halo,16,2x8,32770,8194,16386,1026,197,0.000498319
manual_halo,16,2x8,32770,8194,16386,1026,198,0.000532431
manual_halo,16,2x8,32770,8194,16386,1026,199,0.000496559
manual_halo,16,2x8,32770,8194,16386,1026,200,0.000487569
manual_halo,16,1x16,32770,8194,32770,514,1,0.000429331
manual_halo,16,1x16,32770,8194,32770,514,2,0.000430962
manual_halo,16,1x16,32770,8194,32770,514,3,0.000421076
manual_halo,16,1x16,32770,8194,32770,514,4,0.000416403
manual_halo,16,1x16,32770,8194,32770,514,5,0.000424787
manual_halo,16,1x16,32770,8194,32770,514,6,0.000424947
manual_halo,16,1x16,32770,8194,32770,514,7,0.000416340
manual_halo,16,1x16,32770,8194,32770,514,8,0.000426770
manual_halo,16,1x16,32770,8194,32770,514,9,0.000417588
manual_halo,16,1x16,32770,8194,32770,514,10,0.000426643
manual_halo,16,1x16,32770,8194,32770,514,11,0.000419698
manual_halo,16,1x16,32770,8194,32770,514,12,0.000416658
manual_halo,16,1x16,32770,8194,32770,514,13,0.000421458
manual_halo,16,1x16,32770,8194,32770,514,14,0.000409268
manual_halo,16,1x16,32770,8194,32770,514,15,0.000415251
manual_halo,16,1x16,32770,8194,32770,514,16,0.000421427
manual_halo,16,1x16,32770,8194,32770,514,17,0.000403284
manual_halo,16,1x16,32770,8194,32770,514,18,0.000416178
manual_halo,16,1x16,32770,8194,32770,514,19,0.000417716
manual_halo,16,1x16,32770,8194,32770,514,20,0.000433075
manual_halo,16,1x16,32770,8194,32770,514,21,0.000417235
manual_halo,16,1x16,32770,8194,32770,514,22,0.000417427
manual_halo,16,1x16,32770,8194,32770,514,23,0.000428467
manual_halo,16,1x16,32770,8194,32770,514,24,0.000419666
manual_halo,16,1x16,32770,8194,32770,514,25,0.000422260
manual_halo,16,1x16,32770,8194,32770,514,26,0.000424339
manual_halo,16,1x16,32770,8194,32770,514,27,0.000425202
manual_halo,16,1x16,32770,8194,32770,514,28,0.000422387
manual_halo,16,1x16,32770,8194,32770,514,29,0.000428787
manual_halo,16,1x16,32770,8194,32770,514,30,0.000452913
manual_halo,16,1x16,32770,8194,32770,514,31,0.000423538
manual_halo,16,1x16,32770,8194,32770,514,32,0.000411955
manual_halo,16,1x16,32770,8194,32770,514,33,0.000429011
manual_halo,16,1x16,32770,8194,32770,514,34,0.000405620
manual_halo,16,1x16,32770,8194,32770,514,35,0.000419380
manual_halo,16,1x16,32770,8194,32770,514,36,0.000392884
manual_halo,16,1x16,32770,8194,32770,514,37,0.000428147
manual_halo,16,1x16,32770,8194,32770,514,38,0.000410546
manual_halo,16,1x16,32770,8194,32770,514,39,0.000413587
manual_halo,16,1x16,32770,8194,32770,514,40,0.000417876
manual_halo,16,1x16,32770,8194,32770,514,41,0.000425811
manual_halo,16,1x16,32770,8194,32770,514,42,0.000412244
manual_halo,16,1x16,32770,8194,32770,514,43,0.000414482
manual_halo,16,1x16,32770,8194,32770,514,44,0.000437010
manual_halo,16,1x16,32770,8194,32770,514,45,0.000416275
manual_halo,16,1x16,32770,8194,32770,514,46,0.000413076
manual_halo,16,1x16,32770,8194,32770,514,47,0.000406452
manual_halo,16,1x16,32770,8194,32770,514,48,0.000418996
manual_halo,16,1x16,32770,8194,32770,514,49,0.000409332
manual_halo,16,1x16,32770,8194,32770,514,50,0.000432657
manual_halo,16,1x16,32770,8194,32770,514,51,0.000407156
manual_halo,16,1x16,32770,8194,32770,514,52,0.000415635
manual_halo,16,1x16,32770,8194,32770,514,53,0.000419346
manual_halo,16,1x16,32770,8194,32770,514,54,0.000411379
manual_halo,16,1x16,32770,8194,32770,514,55,0.000383412
manual_halo,16,1x16,32770,8194,32770,514,56,0.000430835
manual_halo,16,1x16,32770,8194,32770,514,57,0.000409202
manual_halo,16,1x16,32770,8194,32770,514,58,0.000414899
manual_halo,16,1x16,32770,8194,32770,514,59,0.000433586
manual_halo,16,1x16,32770,8194,32770,514,60,0.000409171
manual_halo,16,1x16,32770,8194,32770,514,61,0.000396660
manual_halo,16,1x16,32770,8194,32770,514,62,0.000414323
manual_halo,16,1x16,32770,8194,32770,514,63,0.000421139
manual_halo,16,1x16,32770,8194,32770,514,64,0.000411859
manual_halo,16,1x16,32770,8194,32770,514,65,0.000413364
manual_halo,16,1x16,32770,8194,32770,514,66,0.000416020
manual_halo,16,1x16,32770,8194,32770,514,67,0.000408148
manual_halo,16,1x16,32770,8194,32770,514,68,0.000397140
manual_halo,16,1x16,32770,8194,32770,514,69,0.000427539
manual_halo,16,1x16,32770,8194,32770,514,70,0.000417427
manual_halo,16,1x16,32770,8194,32770,514,71,0.000413043
manual_halo,16,1x16,32770,8194,32770,514,72,0.000399316
manual_halo,16,1x16,32770,8194,32770,514,73,0.000410259
manual_halo,16,1x16,32770,8194,32770,514,74,0.000391412
manual_halo,16,1x16,32770,8194,32770,514,75,0.000408820
manual_halo,16,1x16,32770,8194,32770,514,76,0.000421938
manual_halo,16,1x16,32770,8194,32770,514,77,0.000416467
manual_halo,16,1x16,32770,8194,32770,514,78,0.000414003
manual_halo,16,1x16,32770,8194,32770,514,79,0.000412179
manual_halo,16,1x16,32770,8194,32770,514,80,0.000414196
manual_halo,16,1x16,32770,8194,32770,514,81,0.000411220
manual_halo,16,1x16,32770,8194,32770,514,82,0.000423092
manual_halo,16,1x16,32770,8194,32770,514,83,0.000407540
manual_halo,16,1x16,32770,8194,32770,514,84,0.000410324
manual_halo,16,1x16,32770,8194,32770,514,85,0.000410356
manual_halo,16,1x16,32770,8194,32770,514,86,0.000416819
manual_halo,16,1x16,32770,8194,32770,514,87,0.000389396
manual_halo,16,1x16,32770,8194,32770,514,88,0.000404882
manual_halo,16,1x16,32770,8194,32770,514,89,0.000435410
manual_halo,16,1x16,32770,8194,32770,514,90,0.000408018
manual_halo,16,1x16,32770,8194,32770,514,91,0.000405971
manual_halo,16,1x16,32770,8194,32770,514,92,0.000414003
manual_halo,16,1x16,32770,8194,32770,514,93,0.000403796
manual_halo,16,1x16,32770,8194,32770,514,94,0.000422418
manual_halo,16,1x16,32770,8194,32770,514,95,0.000413298
manual_halo,16,1x16,32770,8194,32770,514,96,0.000404243
manual_halo,16,1x16,32770,8194,32770,514,97,0.000411732
manual_halo,16,1x16,32770,8194,32770,514,98,0.000414196
manual_halo,16,1x16,32770,8194,32770,514,99,0.000419891
manual_halo,16,1x16,32770,8194,32770,514,100,0.000407796
manual_halo,16,1x16,32770,8194,32770,514,101,0.000399732
manual_halo,16,1x16,32770,8194,32770,514,102,0.000413363
manual_halo,16,1x16,32770,8194,32770,514,103,0.000406738
manual_halo,16,1x16,32770,8194,32770,514,104,0.000733031
manual_halo,16,1x16,32770,8194,32770,514,105,0.000419603
manual_halo,16,1x16,32770,8194,32770,514,106,0.000398580
manual_halo,16,1x16,32770,8194,32770,514,107,0.000408980
manual_halo,16,1x16,32770,8194,32770,514,108,0.000414322
manual_halo,16,1x16,32770,8194,32770,514,109,0.000405940
manual_halo,16,1x16,32770,8194,32770,514,110,0.000416435
manual_halo,16,1x16,32770,8194,32770,514,111,0.000426482
manual_halo,16,1x16,32770,8194,32770,514,112,0.000399572
manual_halo,16,1x16,32770,8194,32770,514,113,0.000410164
manual_halo,16,1x16,32770,8194,32770,514,114,0.000403730
manual_halo,16,1x16,32770,8194,32770,514,115,0.000400564
manual_halo,16,1x16,32770,8194,32770,514,116,0.000437202
manual_halo,16,1x16,32770,8194,32770,514,117,0.000403155
manual_halo,16,1x16,32770,8194,32770,514,118,0.000413940
manual_halo,16,1x16,32770,8194,32770,514,119,0.000405748
manual_halo,16,1x16,32770,8194,32770,514,120,0.000404115
manual_halo,16,1x16,32770,8194,32770,514,121,0.000399539
manual_halo,16,1x16,32770,8194,32770,514,122,0.000404626
manual_halo,16,1x16,32770,8194,32770,514,123,0.000400884
manual_halo,16,1x16,32770,8194,32770,514,124,0.000400083
manual_halo,16,1x16,32770,8194,32770,514,125,0.000417938
manual_halo,16,1x16,32770,8194,32770,514,126,0.000408436
manual_halo,16,1x16,32770,8194,32770,514,127,0.000402932
manual_halo,16,1x16,32770,8194,32770,514,128,0.000405427
manual_halo,16,1x16,32770,8194,32770,514,129,0.000401267
manual_halo,16,1x16,32770,8194,32770,514,130,0.000420371
manual_halo,16,1x16,32770,8194,32770,514,131,0.000395316
manual_halo,16,1x16,32770,8194,32770,514,132,0.000418771
manual_halo,16,1x16,32770,8194,32770,514,133,0.000408532
manual_halo,16,1x16,32770,8194,32770,514,134,0.000419763
manual_halo,16,1x16,32770,8194,32770,514,135,0.000424691
manual_halo,16,1x16,32770,8194,32770,514,136,0.000413779
manual_halo,16,1x16,32770,8194,32770,514,137,0.000401940
manual_halo,16,1x16,32770,8194,32770,514,138,0.000396628
manual_halo,16,1x16,32770,8194,32770,514,139,1.514434458
manual_halo,16,1x16,32770,8194,32770,514,140,0.000412850
manual_halo,16,1x16,32770,8194,32770,514,141,0.000411315
manual_halo,16,1x16,32770,8194,32770,514,142,0.000412724
manual_halo,16,1x16,32770,8194,32770,514,143,0.000418451
manual_halo,16,1x16,32770,8194,32770,514,144,0.000400852
manual_halo,16,1x16,32770,8194,32770,514,145,0.000406708
manual_halo,16,1x16,32770,8194,32770,514,146,0.000406707
manual_halo,16,1x16,32770,8194,32770,514,147,0.000399699
manual_halo,16,1x16,32770,8194,32770,514,148,0.000402708
manual_halo,16,1x16,32770,8194,32770,514,149,0.000411603
manual_halo,16,1x16,32770,8194,32770,514,150,0.000402996
manual_halo,16,1x16,32770,8194,32770,514,151,0.000412147
manual_halo,16,1x16,32770,8194,32770,514,152,0.000414163
manual_halo,16,1x16,32770,8194,32770,514,153,0.000410834
manual_halo,16,1x16,32770,8194,32770,514,154,0.000407827
manual_halo,16,1x16,32770,8194,32770,514,155,0.000399092
manual_halo,16,1x16,32770,8194,32770,514,156,0.000403476
manual_halo,16,1x16,32770,8194,32770,514,157,0.000388628
manual_halo,16,1x16,32770,8194,32770,514,158,0.000411571
manual_halo,16,1x16,32770,8194,32770,514,159,0.000418258
manual_halo,16,1x16,32770,8194,32770,514,160,0.000410354
manual_halo,16,1x16,32770,8194,32770,514,161,0.000424307
manual_halo,16,1x16,32770,8194,32770,514,162,0.000405044
manual_halo,16,1x16,32770,8194,32770,514,163,0.000400980
manual_halo,16,1x16,32770,8194,32770,514,164,0.000417395
manual_halo,16,1x16,32770,8194,32770,514,165,0.000412308
manual_halo,16,1x16,32770,8194,32770,514,166,0.000402740
manual_halo,16,1x16,32770,8194,32770,514,167,0.000405076
manual_halo,16,1x16,32770,8194,32770,514,168,0.000411348
manual_halo,16,1x16,32770,8194,32770,514,169,0.000404979
manual_halo,16,1x16,32770,8194,32770,514,170,0.000414675
manual_halo,16,1x16,32770,8194,32770,514,171,0.000398612
manual_halo,16,1x16,32770,8194,32770,514,172,0.000413747
manual_halo,16,1x16,32770,8194,32770,514,173,0.000404979
manual_halo,16,1x16,32770,8194,32770,514,174,0.000414164
manual_halo,16,1x16,32770,8194,32770,514,175,0.000400755
manual_halo,16,1x16,32770,8194,32770,514,176,0.000402740
manual_halo,16,1x16,32770,8194,32770,514,177,0.000420915
manual_halo,16,1x16,32770,8194,32770,514,178,0.000415058
manual_halo,16,1x16,32770,8194,32770,514,179,0.000416115
manual_halo,16,1x16,32770,8194,32770,514,180,0.000410932
manual_halo,16,1x16,32770,8194,32770,514,181,0.000438641
manual_halo,16,1x16,32770,8194,32770,514,182,0.000397235
manual_halo,16,1x16,32770,8194,32770,514,183,0.000402772
manual_halo,16,1x16,32770,8194,32770,514,184,0.000402324
manual_halo,16,1x16,32770,8194,32770,514,185,0.000397684
manual_halo,16,1x16,32770,8194,32770,514,186,0.000408691
manual_halo,16,1x16,32770,8194,32770,514,187,0.000416276
manual_halo,16,1x16,32770,8194,32770,514,188,0.000407764
manual_halo,16,1x16,32770,8194,32770,514,189,0.000385364
manual_halo,16,1x16,32770,8194,32770,514,190,0.000583758
manual_halo,16,1x16,32770,8194,32770,514,191,0.000413011
manual_halo,16,1x16,32770,8194,32770,514,192,0.000404948
manual_halo,16,1x16,32770,8194,32770,514,193,0.000406036
manual_halo,16,1x16,32770,8194,32770,514,194,0.000408531
manual_halo,16,1x16,32770,8194,32770,514,195,0.000386227
manual_halo,16,1x16,32770,8194,32770,514,196,0.000402194
manual_halo,16,1x16,32770,8194,32770,514,197,1.545872884
manual_halo,16,1x16,32770,8194,32770,514,198,0.000435601
manual_halo,16,1x16,32770,8194,32770,514,199,0.000404052
manual_halo,16,1x16,32770,8194,32770,514,200,0.000413844
